date,equipment,status,num
4/3/2020,Acute Care Beds,Available,1378
4/3/2020,Acute Care Beds,COVID Occupied,1152
4/3/2020,Acute Care Beds,Licensed Unreported Beds,631
4/3/2020,Acute Care Beds,Unavailable,13839
4/3/2020,ICU Beds,Available,239
4/3/2020,ICU Beds,COVID Occupied,631
4/3/2020,ICU Beds,Unavailable,1630
4/3/2020,Ventilators,Available,895
4/3/2020,Ventilators,COVID Occupied,462
4/3/2020,Ventilators,Unavailable,573
4/4/2020,Acute Care Beds,Available,1266
4/4/2020,Acute Care Beds,COVID Occupied,1061
4/4/2020,Acute Care Beds,Licensed Unreported Beds,642
4/4/2020,Acute Care Beds,Unavailable,14031
4/4/2020,ICU Beds,Available,246
4/4/2020,ICU Beds,COVID Occupied,642
4/4/2020,ICU Beds,Unavailable,1612
4/4/2020,Ventilators,Available,918
4/4/2020,Ventilators,COVID Occupied,442
4/4/2020,Ventilators,Unavailable,400
4/5/2020,Acute Care Beds,Available,1298
4/5/2020,Acute Care Beds,COVID Occupied,941
4/5/2020,Acute Care Beds,Licensed Unreported Beds,506
4/5/2020,Acute Care Beds,Unavailable,14255
4/5/2020,ICU Beds,Available,318
4/5/2020,ICU Beds,COVID Occupied,506
4/5/2020,ICU Beds,Unavailable,1676
4/5/2020,Ventilators,Available,1012
4/5/2020,Ventilators,COVID Occupied,433
4/5/2020,Ventilators,Unavailable,469
4/6/2020,Acute Care Beds,Available,1148
4/6/2020,Acute Care Beds,COVID Occupied,1071
4/6/2020,Acute Care Beds,Licensed Unreported Beds,569
4/6/2020,Acute Care Beds,Unavailable,14212
4/6/2020,ICU Beds,Available,258
4/6/2020,ICU Beds,COVID Occupied,569
4/6/2020,ICU Beds,Unavailable,1673
4/6/2020,Ventilators,Available,1010
4/6/2020,Ventilators,COVID Occupied,412
4/6/2020,Ventilators,Unavailable,405
4/7/2020,Acute Care Beds,Available,1301
4/7/2020,Acute Care Beds,COVID Occupied,1156
4/7/2020,Acute Care Beds,Licensed Unreported Beds,657
4/7/2020,Acute Care Beds,Unavailable,13866
4/7/2020,ICU Beds,Available,247
4/7/2020,ICU Beds,COVID Occupied,657
4/7/2020,ICU Beds,Unavailable,1596
4/7/2020,Ventilators,Available,1042
4/7/2020,Ventilators,COVID Occupied,507
4/7/2020,Ventilators,Unavailable,449
4/8/2020,Acute Care Beds,Available,1373
4/8/2020,Acute Care Beds,COVID Occupied,1217
4/8/2020,Acute Care Beds,Licensed Unreported Beds,650
4/8/2020,Acute Care Beds,Unavailable,13760
4/8/2020,ICU Beds,Available,268
4/8/2020,ICU Beds,COVID Occupied,650
4/8/2020,ICU Beds,Unavailable,1582
4/8/2020,Ventilators,Available,971
4/8/2020,Ventilators,COVID Occupied,473
4/8/2020,Ventilators,Unavailable,508
4/9/2020,Acute Care Beds,Available,1334
4/9/2020,Acute Care Beds,COVID Occupied,1148
4/9/2020,Acute Care Beds,Licensed Unreported Beds,598
4/9/2020,Acute Care Beds,Unavailable,13920
4/9/2020,ICU Beds,Available,248
4/9/2020,ICU Beds,COVID Occupied,598
4/9/2020,ICU Beds,Unavailable,1654
4/9/2020,Ventilators,Available,1096
4/9/2020,Ventilators,COVID Occupied,469
4/9/2020,Ventilators,Unavailable,476
4/10/2020,Acute Care Beds,Available,1455
4/10/2020,Acute Care Beds,COVID Occupied,1208
4/10/2020,Acute Care Beds,Licensed Unreported Beds,628
4/10/2020,Acute Care Beds,Unavailable,13709
4/10/2020,ICU Beds,Available,266
4/10/2020,ICU Beds,COVID Occupied,628
4/10/2020,ICU Beds,Unavailable,1606
4/10/2020,Ventilators,Available,1110
4/10/2020,Ventilators,COVID Occupied,444
4/10/2020,Ventilators,Unavailable,420
4/11/2020,Acute Care Beds,Available,1420
4/11/2020,Acute Care Beds,COVID Occupied,1144
4/11/2020,Acute Care Beds,Licensed Unreported Beds,536
4/11/2020,Acute Care Beds,Unavailable,13900
4/11/2020,ICU Beds,Available,309
4/11/2020,ICU Beds,COVID Occupied,536
4/11/2020,ICU Beds,Unavailable,1655
4/11/2020,Ventilators,Available,1003
4/11/2020,Ventilators,COVID Occupied,390
4/11/2020,Ventilators,Unavailable,350
4/12/2020,Acute Care Beds,Available,1445
4/12/2020,Acute Care Beds,COVID Occupied,1148
4/12/2020,Acute Care Beds,Licensed Unreported Beds,566
4/12/2020,Acute Care Beds,Unavailable,13841
4/12/2020,ICU Beds,Available,229
4/12/2020,ICU Beds,COVID Occupied,566
4/12/2020,ICU Beds,Unavailable,1705
4/12/2020,Ventilators,Available,1025
4/12/2020,Ventilators,COVID Occupied,408
4/12/2020,Ventilators,Unavailable,336
4/13/2020,Acute Care Beds,Available,1420
4/13/2020,Acute Care Beds,COVID Occupied,1433
4/13/2020,Acute Care Beds,Licensed Unreported Beds,607
4/13/2020,Acute Care Beds,Unavailable,13540
4/13/2020,ICU Beds,Available,292
4/13/2020,ICU Beds,COVID Occupied,607
4/13/2020,ICU Beds,Unavailable,1601
4/13/2020,Ventilators,Available,1125
4/13/2020,Ventilators,COVID Occupied,433
4/13/2020,Ventilators,Unavailable,505
4/14/2020,Acute Care Beds,Available,1309
4/14/2020,Acute Care Beds,COVID Occupied,1323
4/14/2020,Acute Care Beds,Licensed Unreported Beds,644
4/14/2020,Acute Care Beds,Unavailable,13724
4/14/2020,ICU Beds,Available,244
4/14/2020,ICU Beds,COVID Occupied,644
4/14/2020,ICU Beds,Unavailable,1612
4/14/2020,Ventilators,Available,996
4/14/2020,Ventilators,COVID Occupied,443
4/14/2020,Ventilators,Unavailable,494
4/15/2020,Acute Care Beds,Available,1309
4/15/2020,Acute Care Beds,COVID Occupied,1281
4/15/2020,Acute Care Beds,Licensed Unreported Beds,598
4/15/2020,Acute Care Beds,Unavailable,13725
4/15/2020,ICU Beds,Available,249
4/15/2020,ICU Beds,COVID Occupied,598
4/15/2020,ICU Beds,Unavailable,1633
4/15/2020,Ventilators,Available,1129
4/15/2020,Ventilators,COVID Occupied,392
4/15/2020,Ventilators,Unavailable,583
4/16/2020,Acute Care Beds,Available,1309
4/16/2020,Acute Care Beds,COVID Occupied,1409
4/16/2020,Acute Care Beds,Licensed Unreported Beds,632
4/16/2020,Acute Care Beds,Unavailable,13651
4/16/2020,ICU Beds,Available,242
4/16/2020,ICU Beds,COVID Occupied,632
4/16/2020,ICU Beds,Unavailable,1626
4/16/2020,Ventilators,Available,1119
4/16/2020,Ventilators,COVID Occupied,423
4/16/2020,Ventilators,Unavailable,562
4/17/2020,Acute Care Beds,Available,1133
4/17/2020,Acute Care Beds,COVID Occupied,1457
4/17/2020,Acute Care Beds,Licensed Unreported Beds,627
4/17/2020,Acute Care Beds,Unavailable,13783
4/17/2020,ICU Beds,Available,259
4/17/2020,ICU Beds,COVID Occupied,627
4/17/2020,ICU Beds,Unavailable,1614
4/17/2020,Ventilators,Available,1124
4/17/2020,Ventilators,COVID Occupied,442
4/17/2020,Ventilators,Unavailable,566
4/18/2020,Acute Care Beds,Available,1301
4/18/2020,Acute Care Beds,COVID Occupied,1334
4/18/2020,Acute Care Beds,Licensed Unreported Beds,551
4/18/2020,Acute Care Beds,Unavailable,13814
4/18/2020,ICU Beds,Available,272
4/18/2020,ICU Beds,COVID Occupied,551
4/18/2020,ICU Beds,Unavailable,1677
4/18/2020,Ventilators,Available,1040
4/18/2020,Ventilators,COVID Occupied,388
4/18/2020,Ventilators,Unavailable,528
4/19/2020,Acute Care Beds,Available,1145
4/19/2020,Acute Care Beds,COVID Occupied,1218
4/19/2020,Acute Care Beds,Licensed Unreported Beds,537
4/19/2020,Acute Care Beds,Unavailable,14100
4/19/2020,ICU Beds,Available,234
4/19/2020,ICU Beds,COVID Occupied,537
4/19/2020,ICU Beds,Unavailable,1729
4/19/2020,Ventilators,Available,984
4/19/2020,Ventilators,COVID Occupied,386
4/19/2020,Ventilators,Unavailable,588
4/20/2020,Acute Care Beds,Available,1201
4/20/2020,Acute Care Beds,COVID Occupied,1514
4/20/2020,Acute Care Beds,Unavailable,4357
4/20/2020,ICU Beds,Available,232
4/20/2020,ICU Beds,COVID Occupied,639
4/20/2020,ICU Beds,Unavailable,772
4/20/2020,Ventilators,Available,1125
4/20/2020,Ventilators,COVID Occupied,438
4/20/2020,Ventilators,Unavailable,513
4/21/2020,Acute Care Beds,Available,1053
4/21/2020,Acute Care Beds,COVID Occupied,1584
4/21/2020,Acute Care Beds,Unavailable,4005
4/21/2020,ICU Beds,Available,246
4/21/2020,ICU Beds,COVID Occupied,636
4/21/2020,ICU Beds,Unavailable,1052
4/21/2020,Ventilators,Available,1143
4/21/2020,Ventilators,COVID Occupied,429
4/21/2020,Ventilators,Unavailable,586
4/22/2020,Acute Care Beds,Available,1052
4/22/2020,Acute Care Beds,COVID Occupied,1477
4/22/2020,Acute Care Beds,Unavailable,3731
4/22/2020,ICU Beds,Available,264
4/22/2020,ICU Beds,COVID Occupied,633
4/22/2020,ICU Beds,Unavailable,1089
4/22/2020,Ventilators,Available,1227
4/22/2020,Ventilators,COVID Occupied,456
4/22/2020,Ventilators,Unavailable,521
4/23/2020,Acute Care Beds,Available,963
4/23/2020,Acute Care Beds,COVID Occupied,1548
4/23/2020,Acute Care Beds,Unavailable,3596
4/23/2020,ICU Beds,Available,242
4/23/2020,ICU Beds,COVID Occupied,605
4/23/2020,ICU Beds,Unavailable,1093
4/23/2020,Ventilators,Available,1215
4/23/2020,Ventilators,COVID Occupied,389
4/23/2020,Ventilators,Unavailable,617
4/24/2020,Acute Care Beds,Available,1097
4/24/2020,Acute Care Beds,COVID Occupied,1557
4/24/2020,Acute Care Beds,Unavailable,3749
4/24/2020,ICU Beds,Available,210
4/24/2020,ICU Beds,COVID Occupied,600
4/24/2020,ICU Beds,Unavailable,1038
4/24/2020,Ventilators,Available,1212
4/24/2020,Ventilators,COVID Occupied,405
4/24/2020,Ventilators,Unavailable,517
4/25/2020,Acute Care Beds,Available,1083
4/25/2020,Acute Care Beds,COVID Occupied,1355
4/25/2020,Acute Care Beds,Unavailable,3776
4/25/2020,ICU Beds,Available,236
4/25/2020,ICU Beds,COVID Occupied,513
4/25/2020,ICU Beds,Unavailable,1071
4/25/2020,Ventilators,Available,1159
4/25/2020,Ventilators,COVID Occupied,346
4/25/2020,Ventilators,Unavailable,523
4/26/2020,Acute Care Beds,Available,1016
4/26/2020,Acute Care Beds,COVID Occupied,1327
4/26/2020,Acute Care Beds,Unavailable,3744
4/26/2020,ICU Beds,Available,233
4/26/2020,ICU Beds,COVID Occupied,477
4/26/2020,ICU Beds,Unavailable,1047
4/26/2020,Ventilators,Available,1036
4/26/2020,Ventilators,COVID Occupied,319
4/26/2020,Ventilators,Unavailable,442
4/27/2020,Acute Care Beds,Available,924
4/27/2020,Acute Care Beds,COVID Occupied,1642
4/27/2020,Acute Care Beds,Unavailable,3733
4/27/2020,ICU Beds,Available,255
4/27/2020,ICU Beds,COVID Occupied,573
4/27/2020,ICU Beds,Unavailable,1042
4/27/2020,Ventilators,Available,1164
4/27/2020,Ventilators,COVID Occupied,388
4/27/2020,Ventilators,Unavailable,490
4/28/2020,Acute Care Beds,Available,1018
4/28/2020,Acute Care Beds,COVID Occupied,1676
4/28/2020,Acute Care Beds,Unavailable,3871
4/28/2020,ICU Beds,Available,258
4/28/2020,ICU Beds,COVID Occupied,653
4/28/2020,ICU Beds,Unavailable,1056
4/28/2020,Ventilators,Available,1091
4/28/2020,Ventilators,COVID Occupied,418
4/28/2020,Ventilators,Unavailable,521
4/29/2020,Acute Care Beds,Available,905
4/29/2020,Acute Care Beds,COVID Occupied,1596
4/29/2020,Acute Care Beds,Unavailable,4214
4/29/2020,ICU Beds,Available,221
4/29/2020,ICU Beds,COVID Occupied,612
4/29/2020,ICU Beds,Unavailable,1335
4/29/2020,Ventilators,Available,1213
4/29/2020,Ventilators,COVID Occupied,410
4/29/2020,Ventilators,Unavailable,640
4/30/2020,Acute Care Beds,Available,935
4/30/2020,Acute Care Beds,COVID Occupied,1173
4/30/2020,Acute Care Beds,COVID Person Under Investigation,348
4/30/2020,ICU Beds,Available,234
4/30/2020,ICU Beds,COVID Occupied,544
4/30/2020,ICU Beds,COVID Person Under Investigation,107
4/30/2020,Ventilators,Available,1210
4/30/2020,Ventilators,Unavailable,582
4/30/2020,Ventilators,COVID Occupied,394
4/30/2020,Ventilators,COVID Person Under Investigation,59
5/1/2020,Acute Care Beds,Available,925
5/1/2020,Acute Care Beds,COVID Occupied,1128
5/1/2020,Acute Care Beds,COVID Person Under Investigation,337
5/1/2020,Acute Care Beds,Unavailable,4453
5/1/2020,ICU Beds,Available,203
5/1/2020,ICU Beds,COVID Occupied,505
5/1/2020,ICU Beds,COVID Person Under Investigation,82
5/1/2020,ICU Beds,Unavailable,1367
5/1/2020,Ventilators,Available,1146
5/1/2020,Ventilators,COVID Person Under Investigation,30
5/1/2020,Ventilators,COVID Occupied,323
5/1/2020,Ventilators,Unavailable,669
5/2/2020,Acute Care Beds,Available,986
5/2/2020,Acute Care Beds,COVID Person Under Investigation,390
5/2/2020,Acute Care Beds,COVID Occupied,1083
5/2/2020,Acute Care Beds,Unavailable,4231
5/2/2020,ICU Beds,Available,236
5/2/2020,ICU Beds,COVID Person Under Investigation,99
5/2/2020,ICU Beds,COVID Occupied,468
5/2/2020,ICU Beds,Unavailable,1317
5/2/2020,Ventilators,Available,1164
5/2/2020,Ventilators,COVID Person Under Investigation,45
5/2/2020,Ventilators,COVID Occupied,345
5/2/2020,Ventilators,Unavailable,492
5/3/2020,Acute Care Beds,Available,1041
5/3/2020,Acute Care Beds,COVID Person Under Investigation,367
5/3/2020,Acute Care Beds,COVID Occupied,1043
5/3/2020,Acute Care Beds,Unavailable,4114
5/3/2020,ICU Beds,Available,235
5/3/2020,ICU Beds,COVID Person Under Investigation,87
5/3/2020,ICU Beds,COVID Occupied,466
5/3/2020,ICU Beds,Unavailable,1341
5/3/2020,Ventilators,Available,1113
5/3/2020,Ventilators,COVID Person Under Investigation,49
5/3/2020,Ventilators,COVID Occupied,338
5/3/2020,Ventilators,Unavailable,528
5/4/2020,Acute Care Beds,Available,1055
5/4/2020,Acute Care Beds,COVID Person Under Investigation,384
5/4/2020,Acute Care Beds,COVID Occupied,1098
5/4/2020,Acute Care Beds,Unavailable,4114
5/4/2020,ICU Beds,Available,226
5/4/2020,ICU Beds,COVID Person Under Investigation,82
5/4/2020,ICU Beds,COVID Occupied,524
5/4/2020,ICU Beds,Unavailable,1341
5/4/2020,Ventilators,Available,1331
5/4/2020,Ventilators,COVID Person Under Investigation,48
5/4/2020,Ventilators,COVID Occupied,378
5/4/2020,Ventilators,Unavailable,594
5/5/2020,Acute Care Beds,Available,944
5/5/2020,Acute Care Beds,COVID Person Under Investigation,339
5/5/2020,Acute Care Beds,COVID Occupied,1150
5/5/2020,Acute Care Beds,Unavailable,4368
5/5/2020,ICU Beds,Available,203
5/5/2020,ICU Beds,COVID Person Under Investigation,104
5/5/2020,ICU Beds,COVID Occupied,502
5/5/2020,ICU Beds,Unavailable,1401
5/5/2020,Ventilators,Available,1142
5/5/2020,Ventilators,COVID Person Under Investigation,63
5/5/2020,Ventilators,COVID Occupied,351
5/5/2020,Ventilators,Unavailable,640
5/6/2020,Acute Care Beds,Available,828
5/6/2020,Acute Care Beds,COVID Person Under Investigation,335
5/6/2020,Acute Care Beds,COVID Occupied,1142
5/6/2020,Acute Care Beds,Unavailable,4337
5/6/2020,ICU Beds,Available,218
5/6/2020,ICU Beds,COVID Person Under Investigation,79
5/6/2020,ICU Beds,COVID Occupied,474
5/6/2020,ICU Beds,Unavailable,1381
5/6/2020,Ventilators,Available,1048
5/6/2020,Ventilators,COVID Person Under Investigation,40
5/6/2020,Ventilators,COVID Occupied,332
5/6/2020,Ventilators,Unavailable,686
5/7/2020,Acute Care Beds,Available,875
5/7/2020,Acute Care Beds,COVID Person Under Investigation,360
5/7/2020,Acute Care Beds,COVID Occupied,1109
5/7/2020,Acute Care Beds,Unavailable,4275
5/7/2020,ICU Beds,Available,203
5/7/2020,ICU Beds,COVID Person Under Investigation,71
5/7/2020,ICU Beds,COVID Occupied,508
5/7/2020,ICU Beds,Unavailable,1370
5/7/2020,Ventilators,Available,1146
5/7/2020,Ventilators,COVID Person Under Investigation,39
5/7/2020,Ventilators,COVID Occupied,369
5/7/2020,Ventilators,Unavailable,675
5/8/2020,Acute Care Beds,Available,810
5/8/2020,Acute Care Beds,COVID Person Under Investigation,402
5/8/2020,Acute Care Beds,COVID Occupied,1049
5/8/2020,Acute Care Beds,Unavailable,4406
5/8/2020,ICU Beds,Available,186
5/8/2020,ICU Beds,COVID Person Under Investigation,82
5/8/2020,ICU Beds,COVID Occupied,452
5/8/2020,ICU Beds,Unavailable,1411
5/8/2020,Ventilators,Available,1218
5/8/2020,Ventilators,COVID Person Under Investigation,37
5/8/2020,Ventilators,COVID Occupied,335
5/8/2020,Ventilators,Unavailable,580
5/9/2020,Acute Care Beds,Available,888
5/9/2020,Acute Care Beds,COVID Person Under Investigation,331
5/9/2020,Acute Care Beds,COVID Occupied,1003
5/9/2020,Acute Care Beds,Unavailable,4388
5/9/2020,ICU Beds,Available,240
5/9/2020,ICU Beds,COVID Person Under Investigation,67
5/9/2020,ICU Beds,COVID Occupied,398
5/9/2020,ICU Beds,Unavailable,1435
5/9/2020,Ventilators,Available,1155
5/9/2020,Ventilators,COVID Person Under Investigation,30
5/9/2020,Ventilators,COVID Occupied,306
5/9/2020,Ventilators,Unavailable,595
5/10/2020,Acute Care Beds,Available,852
5/10/2020,Acute Care Beds,COVID Person Under Investigation,329
5/10/2020,Acute Care Beds,COVID Occupied,988
5/10/2020,Acute Care Beds,Unavailable,4160
5/10/2020,ICU Beds,Available,204
5/10/2020,ICU Beds,COVID Person Under Investigation,84
5/10/2020,ICU Beds,COVID Occupied,417
5/10/2020,ICU Beds,Unavailable,1363
5/10/2020,Ventilators,Available,1181
5/10/2020,Ventilators,COVID Person Under Investigation,35
5/10/2020,Ventilators,COVID Occupied,315
5/10/2020,Ventilators,Unavailable,663
5/11/2020,Acute Care Beds,Available,890
5/11/2020,Acute Care Beds,COVID Person Under Investigation,394
5/11/2020,Acute Care Beds,COVID Occupied,1154
5/11/2020,Acute Care Beds,Unavailable,4454
5/11/2020,ICU Beds,Available,246
5/11/2020,ICU Beds,COVID Person Under Investigation,83
5/11/2020,ICU Beds,COVID Occupied,473
5/11/2020,ICU Beds,Unavailable,1447
5/11/2020,Ventilators,Available,1254
5/11/2020,Ventilators,COVID Person Under Investigation,37
5/11/2020,Ventilators,COVID Occupied,351
5/11/2020,Ventilators,Unavailable,653
5/12/2020,Acute Care Beds,Available,874
5/12/2020,Acute Care Beds,COVID Person Under Investigation,314
5/12/2020,Acute Care Beds,COVID Occupied,1064
5/12/2020,Acute Care Beds,Unavailable,4678
5/12/2020,ICU Beds,Available,187
5/12/2020,ICU Beds,COVID Person Under Investigation,72
5/12/2020,ICU Beds,COVID Occupied,446
5/12/2020,ICU Beds,Unavailable,1443
5/12/2020,Ventilators,Available,1231
5/12/2020,Ventilators,COVID Person Under Investigation,22
5/12/2020,Ventilators,COVID Occupied,327
5/12/2020,Ventilators,Unavailable,668
5/13/2020,Acute Care Beds,Available,822
5/13/2020,Acute Care Beds,COVID Person Under Investigation,352
5/13/2020,Acute Care Beds,COVID Occupied,1146
5/13/2020,Acute Care Beds,Unavailable,4733
5/13/2020,ICU Beds,Available,199
5/13/2020,ICU Beds,COVID Person Under Investigation,82
5/13/2020,ICU Beds,COVID Occupied,465
5/13/2020,ICU Beds,Unavailable,1458
5/13/2020,Ventilators,Available,1317
5/13/2020,Ventilators,COVID Person Under Investigation,32
5/13/2020,Ventilators,COVID Occupied,352
5/13/2020,Ventilators,Unavailable,684
5/14/2020,Acute Care Beds,Available,891
5/14/2020,Acute Care Beds,COVID Person Under Investigation,381
5/14/2020,Acute Care Beds,COVID Occupied,1066
5/14/2020,Acute Care Beds,Unavailable,4692
5/14/2020,ICU Beds,Available,186
5/14/2020,ICU Beds,COVID Person Under Investigation,90
5/14/2020,ICU Beds,COVID Occupied,439
5/14/2020,ICU Beds,Unavailable,1494
5/14/2020,Ventilators,Available,1243
5/14/2020,Ventilators,COVID Person Under Investigation,46
5/14/2020,Ventilators,COVID Occupied,323
5/14/2020,Ventilators,Unavailable,601
5/15/2020,Acute Care Beds,Available,792
5/15/2020,Acute Care Beds,COVID Person Under Investigation,317
5/15/2020,Acute Care Beds,COVID Occupied,1009
5/15/2020,Acute Care Beds,Unavailable,4698
5/15/2020,ICU Beds,Available,183
5/15/2020,ICU Beds,COVID Person Under Investigation,75
5/15/2020,ICU Beds,COVID Occupied,442
5/15/2020,ICU Beds,Unavailable,1484
5/15/2020,Ventilators,Available,1057
5/15/2020,Ventilators,COVID Person Under Investigation,28
5/15/2020,Ventilators,COVID Occupied,326
5/15/2020,Ventilators,Unavailable,639
5/16/2020,Acute Care Beds,Available,953
5/16/2020,Acute Care Beds,COVID Person Under Investigation,263
5/16/2020,Acute Care Beds,COVID Occupied,832
5/16/2020,Acute Care Beds,Unavailable,4513
5/16/2020,ICU Beds,Available,202
5/16/2020,ICU Beds,COVID Person Under Investigation,59
5/16/2020,ICU Beds,COVID Occupied,363
5/16/2020,ICU Beds,Unavailable,1501
5/16/2020,Ventilators,Available,1145
5/16/2020,Ventilators,COVID Person Under Investigation,21
5/16/2020,Ventilators,COVID Occupied,279
5/16/2020,Ventilators,Unavailable,602
5/17/2020,Acute Care Beds,Available,958
5/17/2020,Acute Care Beds,COVID Person Under Investigation,274
5/17/2020,Acute Care Beds,COVID Occupied,811
5/17/2020,Acute Care Beds,Unavailable,4453
5/17/2020,ICU Beds,Available,214
5/17/2020,ICU Beds,COVID Person Under Investigation,64
5/17/2020,ICU Beds,COVID Occupied,360
5/17/2020,ICU Beds,Unavailable,1434
5/17/2020,Ventilators,Available,1229
5/17/2020,Ventilators,COVID Person Under Investigation,19
5/17/2020,Ventilators,COVID Occupied,267
5/17/2020,Ventilators,Unavailable,547
5/18/2020,Acute Care Beds,Available,938
5/18/2020,Acute Care Beds,COVID Person Under Investigation,320
5/18/2020,Acute Care Beds,COVID Occupied,976
5/18/2020,Acute Care Beds,Unavailable,4484
5/18/2020,ICU Beds,Available,195
5/18/2020,ICU Beds,COVID Person Under Investigation,78
5/18/2020,ICU Beds,COVID Occupied,433
5/18/2020,ICU Beds,Unavailable,1459
5/18/2020,Ventilators,Available,1321
5/18/2020,Ventilators,COVID Person Under Investigation,20
5/18/2020,Ventilators,COVID Occupied,314
5/18/2020,Ventilators,Unavailable,662
5/19/2020,Acute Care Beds,Available,944
5/19/2020,Acute Care Beds,COVID Person Under Investigation,387
5/19/2020,Acute Care Beds,COVID Occupied,958
5/19/2020,Acute Care Beds,Unavailable,4732
5/19/2020,ICU Beds,Available,184
5/19/2020,ICU Beds,COVID Person Under Investigation,82
5/19/2020,ICU Beds,COVID Occupied,423
5/19/2020,ICU Beds,Unavailable,1491
5/19/2020,Ventilators,Available,1262
5/19/2020,Ventilators,COVID Person Under Investigation,45
5/19/2020,Ventilators,COVID Occupied,315
5/19/2020,Ventilators,Unavailable,687
5/20/2020,Acute Care Beds,Available,795
5/20/2020,Acute Care Beds,COVID Person Under Investigation,301
5/20/2020,Acute Care Beds,COVID Occupied,955
5/20/2020,Acute Care Beds,Unavailable,4870
5/20/2020,ICU Beds,Available,230
5/20/2020,ICU Beds,COVID Person Under Investigation,67
5/20/2020,ICU Beds,COVID Occupied,410
5/20/2020,ICU Beds,Unavailable,1463
5/20/2020,Ventilators,Available,1284
5/20/2020,Ventilators,COVID Person Under Investigation,28
5/20/2020,Ventilators,COVID Occupied,303
5/20/2020,Ventilators,Unavailable,654
5/21/2020,Acute Care Beds,Available,881
5/21/2020,Acute Care Beds,COVID Person Under Investigation,366
5/21/2020,Acute Care Beds,COVID Occupied,989
5/21/2020,Acute Care Beds,Unavailable,4875
5/21/2020,ICU Beds,Available,168
5/21/2020,ICU Beds,COVID Person Under Investigation,68
5/21/2020,ICU Beds,COVID Occupied,444
5/21/2020,ICU Beds,Unavailable,1504
5/21/2020,Ventilators,Available,1196
5/21/2020,Ventilators,COVID Person Under Investigation,28
5/21/2020,Ventilators,COVID Occupied,321
5/21/2020,Ventilators,Unavailable,692
5/22/2020,Acute Care Beds,Available,884
5/22/2020,Acute Care Beds,COVID Person Under Investigation,348
5/22/2020,Acute Care Beds,COVID Occupied,918
5/22/2020,Acute Care Beds,Unavailable,4857
5/22/2020,ICU Beds,Available,217
5/22/2020,ICU Beds,COVID Person Under Investigation,84
5/22/2020,ICU Beds,COVID Occupied,442
5/22/2020,ICU Beds,Unavailable,1514
5/22/2020,Ventilators,Available,1123
5/22/2020,Ventilators,COVID Person Under Investigation,32
5/22/2020,Ventilators,COVID Occupied,317
5/22/2020,Ventilators,Unavailable,715
5/23/2020,Acute Care Beds,Available,881
5/23/2020,Acute Care Beds,COVID Person Under Investigation,300
5/23/2020,Acute Care Beds,COVID Occupied,859
5/23/2020,Acute Care Beds,Unavailable,4626
5/23/2020,ICU Beds,Available,168
5/23/2020,ICU Beds,COVID Person Under Investigation,88
5/23/2020,ICU Beds,COVID Occupied,420
5/23/2020,ICU Beds,Unavailable,1465
5/23/2020,Ventilators,Available,1196
5/23/2020,Ventilators,COVID Person Under Investigation,33
5/23/2020,Ventilators,COVID Occupied,272
5/23/2020,Ventilators,Unavailable,682
5/24/2020,Acute Care Beds,Available,937
5/24/2020,Acute Care Beds,COVID Person Under Investigation,312
5/24/2020,Acute Care Beds,COVID Occupied,856
5/24/2020,Acute Care Beds,Unavailable,4566
5/24/2020,ICU Beds,Available,194
5/24/2020,ICU Beds,COVID Person Under Investigation,86
5/24/2020,ICU Beds,COVID Occupied,403
5/24/2020,ICU Beds,Unavailable,1500
5/24/2020,Ventilators,Available,1199
5/24/2020,Ventilators,COVID Person Under Investigation,40
5/24/2020,Ventilators,COVID Occupied,280
5/24/2020,Ventilators,Unavailable,720
5/25/2020,Acute Care Beds,Available,932
5/25/2020,Acute Care Beds,COVID Person Under Investigation,367
5/25/2020,Acute Care Beds,COVID Occupied,922
5/25/2020,Acute Care Beds,Unavailable,4475
5/25/2020,ICU Beds,Available,200
5/25/2020,ICU Beds,COVID Person Under Investigation,75
5/25/2020,ICU Beds,COVID Occupied,455
5/25/2020,ICU Beds,Unavailable,1248
5/25/2020,Ventilators,Available,1206
5/25/2020,Ventilators,COVID Person Under Investigation,41
5/25/2020,Ventilators,COVID Occupied,326
5/25/2020,Ventilators,Unavailable,632
5/26/2020,Acute Care Beds,Available,880
5/26/2020,Acute Care Beds,COVID Person Under Investigation,369
5/26/2020,Acute Care Beds,COVID Occupied,889
5/26/2020,Acute Care Beds,Unavailable,4585
5/26/2020,ICU Beds,Available,183
5/26/2020,ICU Beds,COVID Person Under Investigation,101
5/26/2020,ICU Beds,COVID Occupied,450
5/26/2020,ICU Beds,Unavailable,1257
5/26/2020,Ventilators,Available,1270
5/26/2020,Ventilators,COVID Person Under Investigation,39
5/26/2020,Ventilators,COVID Occupied,313
5/26/2020,Ventilators,Unavailable,615
5/27/2020,Acute Care Beds,Available,746
5/27/2020,Acute Care Beds,COVID Person Under Investigation,334
5/27/2020,Acute Care Beds,COVID Occupied,898
5/27/2020,Acute Care Beds,Unavailable,4993
5/27/2020,ICU Beds,Available,205
5/27/2020,ICU Beds,COVID Person Under Investigation,83
5/27/2020,ICU Beds,COVID Occupied,439
5/27/2020,ICU Beds,Unavailable,1296
5/27/2020,Ventilators,Available,1346
5/27/2020,Ventilators,COVID Person Under Investigation,33
5/27/2020,Ventilators,COVID Occupied,314
5/27/2020,Ventilators,Unavailable,702
5/28/2020,Acute Care Beds,Available,826
5/28/2020,Acute Care Beds,COVID Person Under Investigation,419
5/28/2020,Acute Care Beds,COVID Occupied,842
5/28/2020,Acute Care Beds,Unavailable,5062
5/28/2020,ICU Beds,Available,169
5/28/2020,ICU Beds,COVID Person Under Investigation,93
5/28/2020,ICU Beds,COVID Occupied,446
5/28/2020,ICU Beds,Unavailable,1295
5/28/2020,Ventilators,Available,1300
5/28/2020,Ventilators,COVID Person Under Investigation,40
5/28/2020,Ventilators,COVID Occupied,323
5/28/2020,Ventilators,Unavailable,655
5/29/2020,Acute Care Beds,Available,650
5/29/2020,Acute Care Beds,COVID Person Under Investigation,316
5/29/2020,Acute Care Beds,COVID Occupied,767
5/29/2020,Acute Care Beds,Unavailable,5150
5/29/2020,ICU Beds,Available,178
5/29/2020,ICU Beds,COVID Person Under Investigation,68
5/29/2020,ICU Beds,COVID Occupied,396
5/29/2020,ICU Beds,Unavailable,1326
5/29/2020,Ventilators,Available,1216
5/29/2020,Ventilators,COVID Person Under Investigation,28
5/29/2020,Ventilators,COVID Occupied,271
5/29/2020,Ventilators,Unavailable,630
5/30/2020,Acute Care Beds,Available,936
5/30/2020,Acute Care Beds,COVID Person Under Investigation,679
5/30/2020,Acute Care Beds,COVID Occupied,687
5/30/2020,Acute Care Beds,Unavailable,4937
5/30/2020,ICU Beds,Available,204
5/30/2020,ICU Beds,COVID Person Under Investigation,69
5/30/2020,ICU Beds,COVID Occupied,361
5/30/2020,ICU Beds,Unavailable,1295
5/30/2020,Ventilators,Available,1289
5/30/2020,Ventilators,COVID Person Under Investigation,36
5/30/2020,Ventilators,COVID Occupied,239
5/30/2020,Ventilators,Unavailable,524
5/31/2020,Acute Care Beds,Available,832
5/31/2020,Acute Care Beds,COVID Person Under Investigation,723
5/31/2020,Acute Care Beds,COVID Occupied,722
5/31/2020,Acute Care Beds,Unavailable,4852
5/31/2020,ICU Beds,Available,184
5/31/2020,ICU Beds,COVID Person Under Investigation,69
5/31/2020,ICU Beds,COVID Occupied,360
5/31/2020,ICU Beds,Unavailable,1276
5/31/2020,Ventilators,Available,1222
5/31/2020,Ventilators,COVID Person Under Investigation,25
5/31/2020,Ventilators,COVID Occupied,270
5/31/2020,Ventilators,Unavailable,618
6/1/2020,Acute Care Beds,Available,763
6/1/2020,Acute Care Beds,COVID Person Under Investigation,352
6/1/2020,Acute Care Beds,COVID Occupied,832
6/1/2020,Acute Care Beds,Unavailable,4752
6/1/2020,ICU Beds,Available,210
6/1/2020,ICU Beds,COVID Person Under Investigation,92
6/1/2020,ICU Beds,COVID Occupied,408
6/1/2020,ICU Beds,Unavailable,1318
6/1/2020,Ventilators,Available,1293
6/1/2020,Ventilators,COVID Person Under Investigation,38
6/1/2020,Ventilators,COVID Occupied,290
6/1/2020,Ventilators,Unavailable,633
6/2/2020,Acute Care Beds,Available,701
6/2/2020,Acute Care Beds,COVID Person Under Investigation,327
6/2/2020,Acute Care Beds,COVID Occupied,887
6/2/2020,Acute Care Beds,Unavailable,5123
6/2/2020,ICU Beds,Available,185
6/2/2020,ICU Beds,COVID Person Under Investigation,88
6/2/2020,ICU Beds,COVID Occupied,446
6/2/2020,ICU Beds,Unavailable,1351
6/2/2020,Ventilators,Available,1146
6/2/2020,Ventilators,COVID Person Under Investigation,32
6/2/2020,Ventilators,COVID Occupied,326
6/2/2020,Ventilators,Unavailable,718
6/3/2020,Acute Care Beds,Available,644
6/3/2020,Acute Care Beds,COVID Person Under Investigation,266
6/3/2020,Acute Care Beds,COVID Occupied,1039
6/3/2020,Acute Care Beds,Unavailable,5210
6/3/2020,ICU Beds,Available,143
6/3/2020,ICU Beds,COVID Person Under Investigation,73
6/3/2020,ICU Beds,COVID Occupied,443
6/3/2020,ICU Beds,Unavailable,1371
6/3/2020,Ventilators,Available,1238
6/3/2020,Ventilators,COVID Person Under Investigation,29
6/3/2020,Ventilators,COVID Occupied,302
6/3/2020,Ventilators,Unavailable,718
6/4/2020,Acute Care Beds,Available,646
6/4/2020,Acute Care Beds,COVID Person Under Investigation,326
6/4/2020,Acute Care Beds,COVID Occupied,850
6/4/2020,Acute Care Beds,Unavailable,5179
6/4/2020,ICU Beds,Available,160
6/4/2020,ICU Beds,COVID Person Under Investigation,91
6/4/2020,ICU Beds,COVID Occupied,421
6/4/2020,ICU Beds,Unavailable,1314
6/4/2020,Ventilators,Available,1369
6/4/2020,Ventilators,COVID Person Under Investigation,27
6/4/2020,Ventilators,COVID Occupied,291
6/4/2020,Ventilators,Unavailable,695
6/5/2020,Acute Care Beds,Available,648
6/5/2020,Acute Care Beds,COVID Person Under Investigation,324
6/5/2020,Acute Care Beds,COVID Occupied,838
6/5/2020,Acute Care Beds,Unavailable,5268
6/5/2020,ICU Beds,Available,176
6/5/2020,ICU Beds,COVID Person Under Investigation,90
6/5/2020,ICU Beds,COVID Occupied,420
6/5/2020,ICU Beds,Unavailable,1341
6/5/2020,Ventilators,Available,1306
6/5/2020,Ventilators,COVID Person Under Investigation,37
6/5/2020,Ventilators,COVID Occupied,291
6/5/2020,Ventilators,Unavailable,725
6/6/2020,Acute Care Beds,Available,728
6/6/2020,Acute Care Beds,COVID Person Under Investigation,359
6/6/2020,Acute Care Beds,COVID Occupied,827
6/6/2020,Acute Care Beds,Unavailable,5152
6/6/2020,ICU Beds,Available,170
6/6/2020,ICU Beds,COVID Person Under Investigation,81
6/6/2020,ICU Beds,COVID Occupied,386
6/6/2020,ICU Beds,Unavailable,1363
6/6/2020,Ventilators,Available,1223
6/6/2020,Ventilators,COVID Person Under Investigation,39
6/6/2020,Ventilators,COVID Occupied,276
6/6/2020,Ventilators,Unavailable,714
6/7/2020,Acute Care Beds,Available,710
6/7/2020,Acute Care Beds,COVID Person Under Investigation,344
6/7/2020,Acute Care Beds,COVID Occupied,897
6/7/2020,Acute Care Beds,Unavailable,4977
6/7/2020,ICU Beds,Available,130
6/7/2020,ICU Beds,COVID Person Under Investigation,88
6/7/2020,ICU Beds,COVID Occupied,406
6/7/2020,ICU Beds,Unavailable,1336
6/7/2020,Ventilators,Available,1138
6/7/2020,Ventilators,COVID Person Under Investigation,47
6/7/2020,Ventilators,COVID Occupied,281
6/7/2020,Ventilators,Unavailable,722
6/8/2020,Acute Care Beds,Available,715
6/8/2020,Acute Care Beds,COVID Person Under Investigation,380
6/8/2020,Acute Care Beds,COVID Occupied,925
6/8/2020,Acute Care Beds,Unavailable,5012
6/8/2020,ICU Beds,Available,135
6/8/2020,ICU Beds,COVID Person Under Investigation,76
6/8/2020,ICU Beds,COVID Occupied,425
6/8/2020,ICU Beds,Unavailable,1278
6/8/2020,Ventilators,Available,1250
6/8/2020,Ventilators,COVID Person Under Investigation,34
6/8/2020,Ventilators,COVID Occupied,282
6/8/2020,Ventilators,Unavailable,652
6/9/2020,Acute Care Beds,Available,687
6/9/2020,Acute Care Beds,COVID Person Under Investigation,367
6/9/2020,Acute Care Beds,COVID Occupied,882
6/9/2020,Acute Care Beds,Unavailable,5243
6/9/2020,ICU Beds,Available,180
6/9/2020,ICU Beds,COVID Person Under Investigation,111
6/9/2020,ICU Beds,COVID Occupied,400
6/9/2020,ICU Beds,Unavailable,1342
6/9/2020,Ventilators,Available,1176
6/9/2020,Ventilators,COVID Person Under Investigation,45
6/9/2020,Ventilators,COVID Occupied,276
6/9/2020,Ventilators,Unavailable,726
6/10/2020,Acute Care Beds,Available,590
6/10/2020,Acute Care Beds,COVID Person Under Investigation,385
6/10/2020,Acute Care Beds,COVID Occupied,907
6/10/2020,Acute Care Beds,Unavailable,5370
6/10/2020,ICU Beds,Available,160
6/10/2020,ICU Beds,COVID Person Under Investigation,93
6/10/2020,ICU Beds,COVID Occupied,407
6/10/2020,ICU Beds,Unavailable,1361
6/10/2020,Ventilators,Available,1278
6/10/2020,Ventilators,COVID Person Under Investigation,33
6/10/2020,Ventilators,COVID Occupied,269
6/10/2020,Ventilators,Unavailable,762
6/11/2020,Acute Care Beds,Available,665
6/11/2020,Acute Care Beds,COVID Person Under Investigation,384
6/11/2020,Acute Care Beds,COVID Occupied,880
6/11/2020,Acute Care Beds,Unavailable,5404
6/11/2020,ICU Beds,Available,125
6/11/2020,ICU Beds,COVID Person Under Investigation,91
6/11/2020,ICU Beds,COVID Occupied,403
6/11/2020,ICU Beds,Unavailable,1386
6/11/2020,Ventilators,Available,1157
6/11/2020,Ventilators,COVID Person Under Investigation,34
6/11/2020,Ventilators,COVID Occupied,259
6/11/2020,Ventilators,Unavailable,812
6/12/2020,Acute Care Beds,Available,851
6/12/2020,Acute Care Beds,COVID Person Under Investigation,353
6/12/2020,Acute Care Beds,COVID Occupied,889
6/12/2020,Acute Care Beds,Unavailable,5341
6/12/2020,ICU Beds,Available,150
6/12/2020,ICU Beds,COVID Person Under Investigation,68
6/12/2020,ICU Beds,COVID Occupied,403
6/12/2020,ICU Beds,Unavailable,1413
6/12/2020,Ventilators,Available,1297
6/12/2020,Ventilators,COVID Person Under Investigation,32
6/12/2020,Ventilators,COVID Occupied,274
6/12/2020,Ventilators,Unavailable,771
6/13/2020,Acute Care Beds,Available,687
6/13/2020,Acute Care Beds,COVID Person Under Investigation,298
6/13/2020,Acute Care Beds,COVID Occupied,874
6/13/2020,Acute Care Beds,Unavailable,5190
6/13/2020,ICU Beds,Available,144
6/13/2020,ICU Beds,COVID Person Under Investigation,78
6/13/2020,ICU Beds,COVID Occupied,384
6/13/2020,ICU Beds,Unavailable,1335
6/13/2020,Ventilators,Available,1159
6/13/2020,Ventilators,COVID Person Under Investigation,28
6/13/2020,Ventilators,COVID Occupied,284
6/13/2020,Ventilators,Unavailable,710
6/14/2020,Acute Care Beds,Available,756
6/14/2020,Acute Care Beds,COVID Person Under Investigation,322
6/14/2020,Acute Care Beds,COVID Occupied,871
6/14/2020,Acute Care Beds,Unavailable,5017
6/14/2020,ICU Beds,Available,157
6/14/2020,ICU Beds,COVID Person Under Investigation,79
6/14/2020,ICU Beds,COVID Occupied,367
6/14/2020,ICU Beds,Unavailable,1349
6/14/2020,Ventilators,Available,1201
6/14/2020,Ventilators,COVID Person Under Investigation,19
6/14/2020,Ventilators,COVID Occupied,272
6/14/2020,Ventilators,Unavailable,703
6/15/2020,Acute Care Beds,Available,763
6/15/2020,Acute Care Beds,COVID Person Under Investigation,380
6/15/2020,Acute Care Beds,COVID Occupied,880
6/15/2020,Acute Care Beds,Unavailable,4589
6/15/2020,ICU Beds,Available,139
6/15/2020,ICU Beds,COVID Person Under Investigation,79
6/15/2020,ICU Beds,COVID Occupied,373
6/15/2020,ICU Beds,Unavailable,1263
6/15/2020,Ventilators,Available,1222
6/15/2020,Ventilators,COVID Person Under Investigation,30
6/15/2020,Ventilators,COVID Occupied,251
6/15/2020,Ventilators,Unavailable,743
6/16/2020,Acute Care Beds,Available,613
6/16/2020,Acute Care Beds,COVID Person Under Investigation,339
6/16/2020,Acute Care Beds,COVID Occupied,908
6/16/2020,Acute Care Beds,Unavailable,5299
6/16/2020,ICU Beds,Available,133
6/16/2020,ICU Beds,COVID Person Under Investigation,74
6/16/2020,ICU Beds,COVID Occupied,405
6/16/2020,ICU Beds,Unavailable,1439
6/16/2020,Ventilators,Available,1249
6/16/2020,Ventilators,COVID Person Under Investigation,25
6/16/2020,Ventilators,COVID Occupied,290
6/16/2020,Ventilators,Unavailable,755
6/17/2020,Acute Care Beds,Available,605
6/17/2020,Acute Care Beds,COVID Person Under Investigation,313
6/17/2020,Acute Care Beds,COVID Occupied,829
6/17/2020,Acute Care Beds,Unavailable,5350
6/17/2020,ICU Beds,Available,118
6/17/2020,ICU Beds,COVID Person Under Investigation,74
6/17/2020,ICU Beds,COVID Occupied,383
6/17/2020,ICU Beds,Unavailable,1466
6/17/2020,Ventilators,Available,1166
6/17/2020,Ventilators,COVID Person Under Investigation,26
6/17/2020,Ventilators,COVID Occupied,264
6/17/2020,Ventilators,Unavailable,739
6/18/2020,Acute Care Beds,Available,722
6/18/2020,Acute Care Beds,COVID Person Under Investigation,330
6/18/2020,Acute Care Beds,COVID Occupied,886
6/18/2020,Acute Care Beds,Unavailable,5329
6/18/2020,ICU Beds,Available,150
6/18/2020,ICU Beds,COVID Person Under Investigation,91
6/18/2020,ICU Beds,COVID Occupied,378
6/18/2020,ICU Beds,Unavailable,1477
6/18/2020,Ventilators,Available,1145
6/18/2020,Ventilators,COVID Person Under Investigation,31
6/18/2020,Ventilators,COVID Occupied,255
6/18/2020,Ventilators,Unavailable,695
6/19/2020,Acute Care Beds,Available,644
6/19/2020,Acute Care Beds,COVID Person Under Investigation,324
6/19/2020,Acute Care Beds,COVID Occupied,892
6/19/2020,Acute Care Beds,Unavailable,5323
6/19/2020,ICU Beds,Available,119
6/19/2020,ICU Beds,COVID Person Under Investigation,72
6/19/2020,ICU Beds,COVID Occupied,404
6/19/2020,ICU Beds,Unavailable,1450
6/19/2020,Ventilators,Available,1141
6/19/2020,Ventilators,COVID Person Under Investigation,34
6/19/2020,Ventilators,COVID Occupied,261
6/19/2020,Ventilators,Unavailable,768
6/20/2020,Acute Care Beds,Available,552
6/20/2020,Acute Care Beds,COVID Person Under Investigation,349
6/20/2020,Acute Care Beds,COVID Occupied,916
6/20/2020,Acute Care Beds,Unavailable,5102
6/20/2020,ICU Beds,Available,132
6/20/2020,ICU Beds,COVID Person Under Investigation,70
6/20/2020,ICU Beds,COVID Occupied,365
6/20/2020,ICU Beds,Unavailable,1389
6/20/2020,Ventilators,Available,1280
6/20/2020,Ventilators,COVID Person Under Investigation,18
6/20/2020,Ventilators,COVID Occupied,228
6/20/2020,Ventilators,Unavailable,741
6/21/2020,Acute Care Beds,Available,666
6/21/2020,Acute Care Beds,COVID Person Under Investigation,340
6/21/2020,Acute Care Beds,COVID Occupied,993
6/21/2020,Acute Care Beds,Unavailable,4946
6/21/2020,ICU Beds,Available,136
6/21/2020,ICU Beds,COVID Person Under Investigation,76
6/21/2020,ICU Beds,COVID Occupied,414
6/21/2020,ICU Beds,Unavailable,1363
6/21/2020,Ventilators,Available,1078
6/21/2020,Ventilators,COVID Person Under Investigation,27
6/21/2020,Ventilators,COVID Occupied,255
6/21/2020,Ventilators,Unavailable,733
6/22/2020,Acute Care Beds,Available,642
6/22/2020,Acute Care Beds,COVID Person Under Investigation,400
6/22/2020,Acute Care Beds,COVID Occupied,1028
6/22/2020,Acute Care Beds,Unavailable,4927
6/22/2020,ICU Beds,Available,139
6/22/2020,ICU Beds,COVID Person Under Investigation,94
6/22/2020,ICU Beds,COVID Occupied,391
6/22/2020,ICU Beds,Unavailable,1312
6/22/2020,Ventilators,Available,1181
6/22/2020,Ventilators,COVID Person Under Investigation,43
6/22/2020,Ventilators,COVID Occupied,262
6/22/2020,Ventilators,Unavailable,731
6/23/2020,Acute Care Beds,Available,629
6/23/2020,Acute Care Beds,COVID Person Under Investigation,426
6/23/2020,Acute Care Beds,COVID Occupied,1055
6/23/2020,Acute Care Beds,Unavailable,4927
6/23/2020,ICU Beds,Available,143
6/23/2020,ICU Beds,COVID Person Under Investigation,94
6/23/2020,ICU Beds,COVID Occupied,418
6/23/2020,ICU Beds,Unavailable,1312
6/23/2020,Ventilators,Available,1258
6/23/2020,Ventilators,COVID Person Under Investigation,39
6/23/2020,Ventilators,COVID Occupied,281
6/23/2020,Ventilators,Unavailable,769
6/24/2020,Acute Care Beds,Available,687
6/24/2020,Acute Care Beds,COVID Person Under Investigation,434
6/24/2020,Acute Care Beds,COVID Occupied,1121
6/24/2020,Acute Care Beds,Unavailable,5226
6/24/2020,ICU Beds,Available,122
6/24/2020,ICU Beds,COVID Person Under Investigation,105
6/24/2020,ICU Beds,COVID Occupied,428
6/24/2020,ICU Beds,Unavailable,1401
6/24/2020,Ventilators,Available,1288
6/24/2020,Ventilators,COVID Person Under Investigation,39
6/24/2020,Ventilators,COVID Occupied,266
6/24/2020,Ventilators,Unavailable,756
6/25/2020,Acute Care Beds,Available,599
6/25/2020,Acute Care Beds,COVID Person Under Investigation,368
6/25/2020,Acute Care Beds,COVID Occupied,1137
6/25/2020,Acute Care Beds,Unavailable,5335
6/25/2020,ICU Beds,Available,152
6/25/2020,ICU Beds,COVID Person Under Investigation,88
6/25/2020,ICU Beds,COVID Occupied,413
6/25/2020,ICU Beds,Unavailable,1417
6/25/2020,Ventilators,Available,1241
6/25/2020,Ventilators,COVID Person Under Investigation,31
6/25/2020,Ventilators,COVID Occupied,264
6/25/2020,Ventilators,Unavailable,688
6/26/2020,Acute Care Beds,Available,567
6/26/2020,Acute Care Beds,COVID Person Under Investigation,399
6/26/2020,Acute Care Beds,COVID Occupied,1127
6/26/2020,Acute Care Beds,Unavailable,5396
6/26/2020,ICU Beds,Available,117
6/26/2020,ICU Beds,COVID Person Under Investigation,81
6/26/2020,ICU Beds,COVID Occupied,428
6/26/2020,ICU Beds,Unavailable,1385
6/26/2020,Ventilators,Available,1189
6/26/2020,Ventilators,COVID Person Under Investigation,27
6/26/2020,Ventilators,COVID Occupied,266
6/26/2020,Ventilators,Unavailable,688
6/27/2020,Acute Care Beds,Available,599
6/27/2020,Acute Care Beds,COVID Person Under Investigation,383
6/27/2020,Acute Care Beds,COVID Occupied,1090
6/27/2020,Acute Care Beds,Unavailable,5028
6/27/2020,ICU Beds,Available,136
6/27/2020,ICU Beds,COVID Person Under Investigation,76
6/27/2020,ICU Beds,COVID Occupied,414
6/27/2020,ICU Beds,Unavailable,1395
6/27/2020,Ventilators,Available,1175
6/27/2020,Ventilators,COVID Person Under Investigation,32
6/27/2020,Ventilators,COVID Occupied,261
6/27/2020,Ventilators,Unavailable,716
6/28/2020,Acute Care Beds,Available,708
6/28/2020,Acute Care Beds,COVID Person Under Investigation,408
6/28/2020,Acute Care Beds,COVID Occupied,1160
6/28/2020,Acute Care Beds,Unavailable,4905
6/28/2020,ICU Beds,Available,148
6/28/2020,ICU Beds,COVID Person Under Investigation,78
6/28/2020,ICU Beds,COVID Occupied,445
6/28/2020,ICU Beds,Unavailable,1286
6/28/2020,Ventilators,Available,1179
6/28/2020,Ventilators,COVID Person Under Investigation,35
6/28/2020,Ventilators,COVID Occupied,270
6/28/2020,Ventilators,Unavailable,666
6/29/2020,Acute Care Beds,Available,704
6/29/2020,Acute Care Beds,COVID Person Under Investigation,132
6/29/2020,Acute Care Beds,COVID Occupied,1226
6/29/2020,Acute Care Beds,Unavailable,4794
6/29/2020,ICU Beds,Available,130
6/29/2020,ICU Beds,COVID Person Under Investigation,90
6/29/2020,ICU Beds,COVID Occupied,469
6/29/2020,ICU Beds,Unavailable,1331
6/29/2020,Ventilators,Available,1222
6/29/2020,Ventilators,COVID Person Under Investigation,39
6/29/2020,Ventilators,COVID Occupied,299
6/29/2020,Ventilators,Unavailable,717
6/30/2020,Acute Care Beds,Available,667
6/30/2020,Acute Care Beds,COVID Person Under Investigation,431
6/30/2020,Acute Care Beds,COVID Occupied,1238
6/30/2020,Acute Care Beds,Unavailable,5071
6/30/2020,ICU Beds,Available,105
6/30/2020,ICU Beds,COVID Person Under Investigation,95
6/30/2020,ICU Beds,COVID Occupied,506
6/30/2020,ICU Beds,Unavailable,1348
6/30/2020,Ventilators,Available,1204
6/30/2020,Ventilators,COVID Person Under Investigation,27
6/30/2020,Ventilators,COVID Occupied,304
6/30/2020,Ventilators,Unavailable,700
7/1/2020,Acute Care Beds,Available,600
7/1/2020,Acute Care Beds,COVID Person Under Investigation,427
7/1/2020,Acute Care Beds,COVID Occupied,1201
7/1/2020,Acute Care Beds,Unavailable,5313
7/1/2020,ICU Beds,Available,113
7/1/2020,ICU Beds,COVID Person Under Investigation,78
7/1/2020,ICU Beds,COVID Occupied,494
7/1/2020,ICU Beds,Unavailable,1316
7/1/2020,Ventilators,Available,1253
7/1/2020,Ventilators,COVID Person Under Investigation,27
7/1/2020,Ventilators,COVID Occupied,296
7/1/2020,Ventilators,Unavailable,695
7/2/2020,Acute Care Beds,Available,726
7/2/2020,Acute Care Beds,COVID Person Under Investigation,448
7/2/2020,Acute Care Beds,COVID Occupied,1229
7/2/2020,Acute Care Beds,Unavailable,5167
7/2/2020,ICU Beds,Available,115
7/2/2020,ICU Beds,COVID Person Under Investigation,75
7/2/2020,ICU Beds,COVID Occupied,535
7/2/2020,ICU Beds,Unavailable,1329
7/2/2020,Ventilators,Available,1209
7/2/2020,Ventilators,COVID Person Under Investigation,31
7/2/2020,Ventilators,COVID Occupied,301
7/2/2020,Ventilators,Unavailable,751
7/3/2020,Acute Care Beds,Available,592
7/3/2020,Acute Care Beds,COVID Person Under Investigation,390
7/3/2020,Acute Care Beds,COVID Occupied,1221
7/3/2020,Acute Care Beds,Unavailable,5056
7/3/2020,ICU Beds,Available,108
7/3/2020,ICU Beds,COVID Person Under Investigation,86
7/3/2020,ICU Beds,COVID Occupied,540
7/3/2020,ICU Beds,Unavailable,1302
7/3/2020,Ventilators,Available,1159
7/3/2020,Ventilators,COVID Person Under Investigation,28
7/3/2020,Ventilators,COVID Occupied,300
7/3/2020,Ventilators,Unavailable,750
7/4/2020,Acute Care Beds,Available,845
7/4/2020,Acute Care Beds,COVID Person Under Investigation,459
7/4/2020,Acute Care Beds,COVID Occupied,1224
7/4/2020,Acute Care Beds,Unavailable,4724
7/4/2020,ICU Beds,Available,141
7/4/2020,ICU Beds,COVID Person Under Investigation,76
7/4/2020,ICU Beds,COVID Occupied,508
7/4/2020,ICU Beds,Unavailable,1276
7/4/2020,Ventilators,Available,1163
7/4/2020,Ventilators,COVID Person Under Investigation,27
7/4/2020,Ventilators,COVID Occupied,279
7/4/2020,Ventilators,Unavailable,700
7/5/2020,Acute Care Beds,Available,757
7/5/2020,Acute Care Beds,COVID Person Under Investigation,407
7/5/2020,Acute Care Beds,COVID Occupied,1271
7/5/2020,Acute Care Beds,Unavailable,4733
7/5/2020,ICU Beds,Available,104
7/5/2020,ICU Beds,COVID Person Under Investigation,89
7/5/2020,ICU Beds,COVID Occupied,515
7/5/2020,ICU Beds,Unavailable,1295
7/5/2020,Ventilators,Available,1144
7/5/2020,Ventilators,COVID Person Under Investigation,31
7/5/2020,Ventilators,COVID Occupied,311
7/5/2020,Ventilators,Unavailable,743
7/6/2020,Acute Care Beds,Available,653
7/6/2020,Acute Care Beds,COVID Person Under Investigation,389
7/6/2020,Acute Care Beds,COVID Occupied,1312
7/6/2020,Acute Care Beds,Unavailable,4803
7/6/2020,ICU Beds,Available,154
7/6/2020,ICU Beds,COVID Person Under Investigation,95
7/6/2020,ICU Beds,COVID Occupied,500
7/6/2020,ICU Beds,Unavailable,1297
7/6/2020,Ventilators,Available,1199
7/6/2020,Ventilators,COVID Person Under Investigation,39
7/6/2020,Ventilators,COVID Occupied,317
7/6/2020,Ventilators,Unavailable,690
7/7/2020,Acute Care Beds,Available,579
7/7/2020,Acute Care Beds,COVID Person Under Investigation,507
7/7/2020,Acute Care Beds,COVID Occupied,1317
7/7/2020,Acute Care Beds,Unavailable,5124
7/7/2020,ICU Beds,Available,101
7/7/2020,ICU Beds,COVID Person Under Investigation,90
7/7/2020,ICU Beds,COVID Occupied,503
7/7/2020,ICU Beds,Unavailable,1330
7/7/2020,Ventilators,Available,1142
7/7/2020,Ventilators,COVID Person Under Investigation,29
7/7/2020,Ventilators,COVID Occupied,299
7/7/2020,Ventilators,Unavailable,736
7/8/2020,Acute Care Beds,Available,489
7/8/2020,Acute Care Beds,COVID Person Under Investigation,508
7/8/2020,Acute Care Beds,COVID Occupied,1291
7/8/2020,Acute Care Beds,Unavailable,5197
7/8/2020,ICU Beds,Available,94
7/8/2020,ICU Beds,COVID Person Under Investigation,102
7/8/2020,ICU Beds,COVID Occupied,492
7/8/2020,ICU Beds,Unavailable,1392
7/8/2020,Ventilators,Available,1374
7/8/2020,Ventilators,COVID Person Under Investigation,41
7/8/2020,Ventilators,COVID Occupied,295
7/8/2020,Ventilators,Unavailable,784
7/9/2020,Acute Care Beds,Available,292
7/9/2020,Acute Care Beds,COVID Person Under Investigation,529
7/9/2020,Acute Care Beds,COVID Occupied,1234
7/9/2020,Acute Care Beds,Unavailable,5283
7/9/2020,ICU Beds,Available,113
7/9/2020,ICU Beds,COVID Person Under Investigation,104
7/9/2020,ICU Beds,COVID Occupied,494
7/9/2020,ICU Beds,Unavailable,1420
7/9/2020,Ventilators,Available,1148
7/9/2020,Ventilators,COVID Person Under Investigation,41
7/9/2020,Ventilators,COVID Occupied,315
7/9/2020,Ventilators,Unavailable,697
7/10/2020,Acute Care Beds,Available,491
7/10/2020,Acute Care Beds,COVID Person Under Investigation,431
7/10/2020,Acute Care Beds,COVID Occupied,1301
7/10/2020,Acute Care Beds,Unavailable,5313
7/10/2020,ICU Beds,Available,123
7/10/2020,ICU Beds,COVID Person Under Investigation,74
7/10/2020,ICU Beds,COVID Occupied,489
7/10/2020,ICU Beds,Unavailable,1461
7/10/2020,Ventilators,Available,1157
7/10/2020,Ventilators,COVID Person Under Investigation,35
7/10/2020,Ventilators,COVID Occupied,323
7/10/2020,Ventilators,Unavailable,787
7/11/2020,Acute Care Beds,Available,499
7/11/2020,Acute Care Beds,COVID Person Under Investigation,493
7/11/2020,Acute Care Beds,COVID Occupied,1268
7/11/2020,Acute Care Beds,Unavailable,5181
7/11/2020,ICU Beds,Available,139
7/11/2020,ICU Beds,COVID Person Under Investigation,85
7/11/2020,ICU Beds,COVID Occupied,503
7/11/2020,ICU Beds,Unavailable,1438
7/11/2020,Ventilators,Available,1134
7/11/2020,Ventilators,COVID Person Under Investigation,33
7/11/2020,Ventilators,COVID Occupied,336
7/11/2020,Ventilators,Unavailable,762
7/12/2020,Acute Care Beds,Available,660
7/12/2020,Acute Care Beds,COVID Person Under Investigation,438
7/12/2020,Acute Care Beds,COVID Occupied,1380
7/12/2020,Acute Care Beds,Unavailable,5063
7/12/2020,ICU Beds,Available,136
7/12/2020,ICU Beds,COVID Person Under Investigation,67
7/12/2020,ICU Beds,COVID Occupied,516
7/12/2020,ICU Beds,Unavailable,1322
7/12/2020,Ventilators,Available,1118
7/12/2020,Ventilators,COVID Person Under Investigation,35
7/12/2020,Ventilators,COVID Occupied,340
7/12/2020,Ventilators,Unavailable,680
7/13/2020,Acute Care Beds,Available,501
7/13/2020,Acute Care Beds,COVID Person Under Investigation,473
7/13/2020,Acute Care Beds,COVID Occupied,1419
7/13/2020,Acute Care Beds,Unavailable,5056
7/13/2020,ICU Beds,Available,157
7/13/2020,ICU Beds,COVID Person Under Investigation,103
7/13/2020,ICU Beds,COVID Occupied,540
7/13/2020,ICU Beds,Unavailable,1429
7/13/2020,Ventilators,Available,1214
7/13/2020,Ventilators,COVID Person Under Investigation,36
7/13/2020,Ventilators,COVID Occupied,335
7/13/2020,Ventilators,Unavailable,753
7/14/2020,Acute Care Beds,Available,523
7/14/2020,Acute Care Beds,COVID Person Under Investigation,484
7/14/2020,Acute Care Beds,COVID Occupied,1464
7/14/2020,Acute Care Beds,Unavailable,5313
7/14/2020,ICU Beds,Available,101
7/14/2020,ICU Beds,COVID Person Under Investigation,84
7/14/2020,ICU Beds,COVID Occupied,538
7/14/2020,ICU Beds,Unavailable,1487
7/14/2020,Ventilators,Available,1234
7/14/2020,Ventilators,COVID Person Under Investigation,32
7/14/2020,Ventilators,COVID Occupied,323
7/14/2020,Ventilators,Unavailable,753
7/15/2020,Acute Care Beds,Available,497
7/15/2020,Acute Care Beds,COVID Person Under Investigation,526
7/15/2020,Acute Care Beds,COVID Occupied,1415
7/15/2020,Acute Care Beds,Unavailable,5271
7/15/2020,ICU Beds,Available,67
7/15/2020,ICU Beds,COVID Person Under Investigation,91
7/15/2020,ICU Beds,COVID Occupied,525
7/15/2020,ICU Beds,Unavailable,1481
7/15/2020,Ventilators,Available,1104
7/15/2020,Ventilators,COVID Person Under Investigation,28
7/15/2020,Ventilators,COVID Occupied,315
7/15/2020,Ventilators,Unavailable,749
7/16/2020,Acute Care Beds,Available,435
7/16/2020,Acute Care Beds,COVID Person Under Investigation,471
7/16/2020,Acute Care Beds,COVID Occupied,1407
7/16/2020,Acute Care Beds,Unavailable,5238
7/16/2020,ICU Beds,Available,102
7/16/2020,ICU Beds,COVID Person Under Investigation,91
7/16/2020,ICU Beds,COVID Occupied,561
7/16/2020,ICU Beds,Unavailable,1468
7/16/2020,Ventilators,Available,1094
7/16/2020,Ventilators,COVID Person Under Investigation,32
7/16/2020,Ventilators,COVID Occupied,341
7/16/2020,Ventilators,Unavailable,713
7/17/2020,Acute Care Beds,Available,508
7/17/2020,Acute Care Beds,COVID Person Under Investigation,426
7/17/2020,Acute Care Beds,COVID Occupied,1464
7/17/2020,Acute Care Beds,Unavailable,5338
7/17/2020,ICU Beds,Available,123
7/17/2020,ICU Beds,COVID Person Under Investigation,72
7/17/2020,ICU Beds,COVID Occupied,591
7/17/2020,ICU Beds,Unavailable,1454
7/17/2020,Ventilators,Available,1149
7/17/2020,Ventilators,COVID Person Under Investigation,22
7/17/2020,Ventilators,COVID Occupied,370
7/17/2020,Ventilators,Unavailable,711
7/18/2020,Acute Care Beds,Available,541
7/18/2020,Acute Care Beds,COVID Person Under Investigation,362
7/18/2020,Acute Care Beds,COVID Occupied,1342
7/18/2020,Acute Care Beds,Unavailable,5084
7/18/2020,ICU Beds,Available,117
7/18/2020,ICU Beds,COVID Person Under Investigation,64
7/18/2020,ICU Beds,COVID Occupied,524
7/18/2020,ICU Beds,Unavailable,1425
7/18/2020,Ventilators,Available,1185
7/18/2020,Ventilators,COVID Person Under Investigation,22
7/18/2020,Ventilators,COVID Occupied,322
7/18/2020,Ventilators,Unavailable,704
7/19/2020,Acute Care Beds,Available,553
7/19/2020,Acute Care Beds,COVID Person Under Investigation,354
7/19/2020,Acute Care Beds,COVID Occupied,1412
7/19/2020,Acute Care Beds,Unavailable,4890
7/19/2020,ICU Beds,Available,97
7/19/2020,ICU Beds,COVID Person Under Investigation,85
7/19/2020,ICU Beds,COVID Occupied,540
7/19/2020,ICU Beds,Unavailable,1370
7/19/2020,Ventilators,Available,1099
7/19/2020,Ventilators,COVID Person Under Investigation,20
7/19/2020,Ventilators,COVID Occupied,362
7/19/2020,Ventilators,Unavailable,724
7/20/2020,Acute Care Beds,Available,554
7/20/2020,Acute Care Beds,COVID Person Under Investigation,411
7/20/2020,Acute Care Beds,COVID Occupied,1467
7/20/2020,Acute Care Beds,Unavailable,4985
7/20/2020,ICU Beds,Available,91
7/20/2020,ICU Beds,COVID Person Under Investigation,84
7/20/2020,ICU Beds,COVID Occupied,579
7/20/2020,ICU Beds,Unavailable,1383
7/20/2020,Ventilators,Available,1072
7/20/2020,Ventilators,COVID Person Under Investigation,36
7/20/2020,Ventilators,COVID Occupied,365
7/20/2020,Ventilators,Unavailable,738
7/21/2020,Acute Care Beds,Available,516
7/21/2020,Acute Care Beds,COVID Person Under Investigation,424
7/21/2020,Acute Care Beds,COVID Occupied,1411
7/21/2020,Acute Care Beds,Unavailable,5303
7/21/2020,ICU Beds,Available,104
7/21/2020,ICU Beds,COVID Person Under Investigation,98
7/21/2020,ICU Beds,COVID Occupied,594
7/21/2020,ICU Beds,Unavailable,1475
7/21/2020,Ventilators,Available,1116
7/21/2020,Ventilators,COVID Person Under Investigation,16
7/21/2020,Ventilators,COVID Occupied,377
7/21/2020,Ventilators,Unavailable,753
7/22/2020,Acute Care Beds,Available,452
7/22/2020,Acute Care Beds,COVID Person Under Investigation,372
7/22/2020,Acute Care Beds,COVID Occupied,1453
7/22/2020,Acute Care Beds,Unavailable,
7/22/2020,ICU Beds,Available,104
7/22/2020,ICU Beds,COVID Person Under Investigation,75
7/22/2020,ICU Beds,COVID Occupied,592
7/22/2020,ICU Beds,Unavailable,
7/22/2020,Ventilators,Available,1082
7/22/2020,Ventilators,COVID Person Under Investigation,20
7/22/2020,Ventilators,COVID Occupied,372
7/22/2020,Ventilators,Unavailable,742
7/23/2020,Acute Care Beds,Available,609
7/23/2020,Acute Care Beds,COVID Person Under Investigation,390
7/23/2020,Acute Care Beds,COVID Occupied,1301
7/23/2020,Acute Care Beds,Unavailable,
7/23/2020,ICU Beds,Available,143
7/23/2020,ICU Beds,COVID Person Under Investigation,84
7/23/2020,ICU Beds,COVID Occupied,549
7/23/2020,ICU Beds,Unavailable,
7/23/2020,Ventilators,Available,1085
7/23/2020,Ventilators,COVID Person Under Investigation,34
7/23/2020,Ventilators,COVID Occupied,349
7/23/2020,Ventilators,Unavailable,679
7/24/2020,Acute Care Beds,Available,451
7/24/2020,Acute Care Beds,COVID Person Under Investigation,415
7/24/2020,Acute Care Beds,COVID Occupied,1367
7/24/2020,Acute Care Beds,Unavailable,
7/24/2020,ICU Beds,Available,96
7/24/2020,ICU Beds,COVID Person Under Investigation,79
7/24/2020,ICU Beds,COVID Occupied,575
7/24/2020,ICU Beds,Unavailable,
7/24/2020,Ventilators,Available,1105
7/24/2020,Ventilators,COVID Person Under Investigation,26
7/24/2020,Ventilators,COVID Occupied,389
7/24/2020,Ventilators,Unavailable,694
7/25/2020,Acute Care Beds,Available,601
7/25/2020,Acute Care Beds,COVID Person Under Investigation,326
7/25/2020,Acute Care Beds,COVID Occupied,1318
7/25/2020,Acute Care Beds,Unavailable,
7/25/2020,ICU Beds,Available,148
7/25/2020,ICU Beds,COVID Person Under Investigation,76
7/25/2020,ICU Beds,COVID Occupied,557
7/25/2020,ICU Beds,Unavailable,
7/25/2020,Ventilators,Available,1122
7/25/2020,Ventilators,COVID Person Under Investigation,20
7/25/2020,Ventilators,COVID Occupied,382
7/25/2020,Ventilators,Unavailable,707
7/26/2020,Acute Care Beds,Available,707
7/26/2020,Acute Care Beds,COVID Person Under Investigation,377
7/26/2020,Acute Care Beds,COVID Occupied,1347
7/26/2020,Acute Care Beds,Unavailable,
7/26/2020,ICU Beds,Available,168
7/26/2020,ICU Beds,COVID Person Under Investigation,93
7/26/2020,ICU Beds,COVID Occupied,583
7/26/2020,ICU Beds,Unavailable,
7/26/2020,Ventilators,Available,1268
7/26/2020,Ventilators,COVID Person Under Investigation,27
7/26/2020,Ventilators,COVID Occupied,373
7/26/2020,Ventilators,Unavailable,676
7/27/2020,Acute Care Beds,Available,561
7/27/2020,Acute Care Beds,COVID Person Under Investigation,369
7/27/2020,Acute Care Beds,COVID Occupied,1367
7/27/2020,Acute Care Beds,Unavailable,
7/27/2020,ICU Beds,Available,117
7/27/2020,ICU Beds,COVID Person Under Investigation,98
7/27/2020,ICU Beds,COVID Occupied,571
7/27/2020,ICU Beds,Unavailable,
7/27/2020,Ventilators,Available,1132
7/27/2020,Ventilators,COVID Person Under Investigation,24
7/27/2020,Ventilators,COVID Occupied,391
7/27/2020,Ventilators,Unavailable,681
7/28/2020,Acute Care Beds,Available,465
7/28/2020,Acute Care Beds,COVID Person Under Investigation,380
7/28/2020,Acute Care Beds,COVID Occupied,1340
7/28/2020,Acute Care Beds,Unavailable,
7/28/2020,ICU Beds,Available,135
7/28/2020,ICU Beds,COVID Person Under Investigation,81
7/28/2020,ICU Beds,COVID Occupied,557
7/28/2020,ICU Beds,Unavailable,
7/28/2020,Ventilators,Available,1250
7/28/2020,Ventilators,COVID Person Under Investigation,24
7/28/2020,Ventilators,COVID Occupied,386
7/28/2020,Ventilators,Unavailable,732
7/29/2020,Acute Care Beds,Available,591
7/29/2020,Acute Care Beds,COVID Person Under Investigation,377
7/29/2020,Acute Care Beds,COVID Occupied,1264
7/29/2020,Acute Care Beds,Unavailable,
7/29/2020,ICU Beds,Available,155
7/29/2020,ICU Beds,COVID Person Under Investigation,66
7/29/2020,ICU Beds,COVID Occupied,545
7/29/2020,ICU Beds,Unavailable,
7/29/2020,Ventilators,Available,1240
7/29/2020,Ventilators,COVID Person Under Investigation,14
7/29/2020,Ventilators,COVID Occupied,363
7/29/2020,Ventilators,Unavailable,683
